{
    "loss": 0.624904453754425,
    "accuracy": 0.9655172228813171
}